book,word count,prefix,size of prefix,time (ms),number of results
alice_wonderland.txt,29463,al,2,24682,22
alice_wonderland.txt,29463,ali,3,3527,4
alice_wonderland.txt,29463,alic,4,2691,3
alice_wonderland.txt,29463,an,2,16431,23
alice_wonderland.txt,29463,and,3,1880,2
alice_wonderland.txt,29463,ans,3,2399,3
alice_wonderland.txt,29463,be,2,29455,47
alice_wonderland.txt,29463,beg,3,4765,7
alice_wonderland.txt,29463,bec,3,3374,4
alice_wonderland.txt,29463,bee,3,1656,2
alice_wonderland.txt,29463,bo,2,12488,22
alice_wonderland.txt,29463,boo,3,3710,5
alice_wonderland.txt,29463,bod,3,1230,1
alice_wonderland.txt,29463,ca,2,29284,48
alice_wonderland.txt,29463,cat,3,4752,7
alice_wonderland.txt,29463,car,3,10344,13
alice_wonderland.txt,29463,cal,3,4181,6
alice_wonderland.txt,29463,cha,3,9588,14
alice_wonderland.txt,29463,chap,4,1669,1
alice_wonderland.txt,29463,char,4,4249,5
alice_wonderland.txt,29463,che,3,7443,10
alice_wonderland.txt,29463,chi,3,6361,9
alice_wonderland.txt,29463,co,2,63533,95
alice_wonderland.txt,29463,com,3,14528,22
alice_wonderland.txt,29463,cou,3,7728,12
alice_wonderland.txt,29463,con,3,25882,38
alice_wonderland.txt,29463,da,2,12775,20
alice_wonderland.txt,29463,dar,3,2696,4
alice_wonderland.txt,29463,day,3,2309,3
alice_wonderland.txt,29463,do,2,21526,35
alice_wonderland.txt,29463,don,3,4120,6
alice_wonderland.txt,29463,dou,3,4161,6
alice_wonderland.txt,29463,dr,2,16637,26
alice_wonderland.txt,29463,dre,3,5194,8
alice_wonderland.txt,29463,dra,3,4233,6
alice_wonderland.txt,29463,ea,2,8375,15
alice_wonderland.txt,29463,ear,3,3300,5
alice_wonderland.txt,29463,eat,3,2458,4
alice_wonderland.txt,29463,ev,2,5866,9
alice_wonderland.txt,29463,eve,3,4264,7
alice_wonderland.txt,29463,ever,4,3326,5
alice_wonderland.txt,29463,eve,3,3758,7
alice_wonderland.txt,29463,fa,2,23437,36
alice_wonderland.txt,29463,fal,3,2339,3
alice_wonderland.txt,29463,fam,3,2037,2
alice_wonderland.txt,29463,fi,2,24590,40
alice_wonderland.txt,29463,fin,3,6191,9
alice_wonderland.txt,29463,fir,3,4821,6
alice_wonderland.txt,29463,fo,2,22742,37
alice_wonderland.txt,29463,for,3,9375,16
alice_wonderland.txt,29463,forg,4,3292,4
alice_wonderland.txt,29463,fr,2,11374,16
alice_wonderland.txt,29463,fri,3,3674,5
alice_wonderland.txt,29463,fro,3,5432,6
alice_wonderland.txt,29463,ga,2,8081,11
alice_wonderland.txt,29463,gam,3,1718,2
alice_wonderland.txt,29463,gat,3,1235,1
alice_wonderland.txt,29463,go,2,8310,14
alice_wonderland.txt,29463,gon,3,1256,1
alice_wonderland.txt,29463,goo,3,3561,5
alice_wonderland.txt,29463,gr,2,20982,35
alice_wonderland.txt,29463,gro,3,6570,11
alice_wonderland.txt,29463,gre,3,2543,4
alice_wonderland.txt,29463,ha,2,23028,37
alice_wonderland.txt,29463,had,3,1656,2
alice_wonderland.txt,29463,hap,3,3494,5
alice_wonderland.txt,29463,hat,3,3786,7
alice_wonderland.txt,29463,hea,3,6430,12
alice_wonderland.txt,29463,hea,3,6074,12
alice_wonderland.txt,29463,hel,3,3159,5
alice_wonderland.txt,29463,he,2,17574,32
alice_wonderland.txt,29463,her,3,4815,6
alice_wonderland.txt,29463,hes,3,1483,1
alice_wonderland.txt,29463,ho,2,16933,27
alice_wonderland.txt,29463,hou,3,3193,5
alice_wonderland.txt,29463,how,3,3194,4
alice_wonderland.txt,29463,hum,3,2039,2
alice_wonderland.txt,29463,ki,2,6814,12
alice_wonderland.txt,29463,kin,3,2290,4
alice_wonderland.txt,29463,la,2,20207,34
alice_wonderland.txt,29463,lad,3,2979,3
alice_wonderland.txt,29463,lar,3,2638,4
alice_wonderland.txt,29463,lat,3,3359,5
alice_wonderland.txt,29463,li,2,21064,37
alice_wonderland.txt,29463,lit,3,2692,3
alice_wonderland.txt,29463,lit,3,2954,3
alice_wonderland.txt,29463,lo,2,21353,36
alice_wonderland.txt,29463,lon,3,3976,6
alice_wonderland.txt,29463,loo,3,4082,6
alice_wonderland.txt,29463,ma,2,23955,40
alice_wonderland.txt,29463,man,3,4664,8
alice_wonderland.txt,29463,mat,3,2030,2
alice_wonderland.txt,29463,mad,3,2044,3
alice_wonderland.txt,29463,me,2,18646,26
alice_wonderland.txt,29463,men,3,1582,1
alice_wonderland.txt,29463,mem,3,2005,2
alice_wonderland.txt,29463,mi,2,15654,27
alice_wonderland.txt,29463,min,3,4875,8
alice_wonderland.txt,29463,mis,3,5642,7
alice_wonderland.txt,29463,mo,2,23052,34
alice_wonderland.txt,29463,mon,3,1860,2
alice_wonderland.txt,29463,mom,3,1759,2
alice_wonderland.txt,29463,ne,2,17339,24
alice_wonderland.txt,29463,nev,3,3082,3
alice_wonderland.txt,29463,new,3,2929,3
alice_wonderland.txt,29463,nic,3,1563,2
alice_wonderland.txt,29463,no,2,15619,26
alice_wonderland.txt,29463,not,3,5359,8
alice_wonderland.txt,29463,now,3,2786,4
alice_wonderland.txt,29463,of,2,5754,11
alice_wonderland.txt,29463,off,3,5112,9
alice_wonderland.txt,29463,oft,3,1206,1
alice_wonderland.txt,29463,on,2,6078,10
alice_wonderland.txt,29463,onc,3,1226,1
alice_wonderland.txt,29463,one,3,3249,5
alice_wonderland.txt,29463,ou,2,5315,8
alice_wonderland.txt,29463,our,3,2217,3
alice_wonderland.txt,29463,out,3,3343,4
alice_wonderland.txt,29463,ov,2,2684,3
alice_wonderland.txt,29463,ove,3,2299,3
alice_wonderland.txt,29463,over,4,2479,3
alice_wonderland.txt,29463,pa,2,29846,50
alice_wonderland.txt,29463,par,3,8629,14
alice_wonderland.txt,29463,parl,4,818,0
alice_wonderland.txt,29463,pe,2,17947,27
alice_wonderland.txt,29463,per,3,10207,14
alice_wonderland.txt,29463,perh,4,1516,1
alice_wonderland.txt,29463,pla,3,7558,14
alice_wonderland.txt,29463,ple,3,6661,9
alice_wonderland.txt,29463,plu,3,658,0
alice_wonderland.txt,29463,po,2,15690,25
alice_wonderland.txt,29463,pos,3,5421,8
alice_wonderland.txt,29463,pow,3,1386,1
alice_wonderland.txt,29463,pr,2,40721,65
alice_wonderland.txt,29463,pre,3,9901,16
alice_wonderland.txt,29463,pro,3,23604,39
alice_wonderland.txt,29463,pret,4,3126,4
alice_wonderland.txt,29463,pu,2,12186,20
alice_wonderland.txt,29463,pur,3,3278,3
alice_wonderland.txt,29463,qu,2,13203,20
alice_wonderland.txt,29463,que,3,6404,9
alice_wonderland.txt,29463,ques,4,2744,3
alice_wonderland.txt,29463,qui,3,4082,7
alice_wonderland.txt,29463,ra,2,15419,23
alice_wonderland.txt,29463,rab,3,3731,5
alice_wonderland.txt,29463,rat,3,4357,6
alice_wonderland.txt,29463,ran,3,1079,1
alice_wonderland.txt,29463,re,2,54628,85
alice_wonderland.txt,29463,rea,3,9560,14
alice_wonderland.txt,29463,rem,3,9711,15
alice_wonderland.txt,29463,rep,3,8202,10
alice_wonderland.txt,29463,res,3,6705,9
alice_wonderland.txt,29463,ret,3,3859,5
alice_wonderland.txt,29463,ro,2,11630,18
alice_wonderland.txt,29463,roo,3,2637,3
alice_wonderland.txt,29463,rou,3,1908,2
alice_wonderland.txt,29463,sa,2,13071,23
alice_wonderland.txt,29463,sat,3,1352,1
alice_wonderland.txt,29463,say,3,3189,4
alice_wonderland.txt,29463,sai,3,1171,1
alice_wonderland.txt,29463,se,2,27208,45
alice_wonderland.txt,29463,see,3,5240,8
alice_wonderland.txt,29463,ser,3,4160,5
alice_wonderland.txt,29463,sec,3,4090,6
alice_wonderland.txt,29463,sh,2,31912,57
alice_wonderland.txt,29463,she,3,5151,8
alice_wonderland.txt,29463,sho,3,10568,15
alice_wonderland.txt,29463,sha,3,9202,15
alice_wonderland.txt,29463,si,2,20587,33
alice_wonderland.txt,29463,sin,3,3797,5
alice_wonderland.txt,29463,sit,3,2317,3
alice_wonderland.txt,29463,so,2,23852,41
alice_wonderland.txt,29463,som,3,6286,8
alice_wonderland.txt,29463,sou,3,4061,5
alice_wonderland.txt,29463,sp,2,15816,24
alice_wonderland.txt,29463,spe,3,7139,10
alice_wonderland.txt,29463,spi,3,1286,1
alice_wonderland.txt,29463,st,2,31335,53
alice_wonderland.txt,29463,sta,3,10717,18
alice_wonderland.txt,29463,sto,3,6471,11
alice_wonderland.txt,29463,str,3,7219,10
alice_wonderland.txt,29463,su,2,16878,25
alice_wonderland.txt,29463,sur,3,3476,4
alice_wonderland.txt,29463,ta,2,11004,18
alice_wonderland.txt,29463,tak,3,2908,4
alice_wonderland.txt,29463,tal,3,2758,4
alice_wonderland.txt,29463,taw,3,656,0
alice_wonderland.txt,29463,te,2,14948,25
alice_wonderland.txt,29463,tel,3,3848,5
alice_wonderland.txt,29463,ten,3,1123,1
alice_wonderland.txt,29463,ter,3,3537,4
alice_wonderland.txt,29463,th,2,38283,64
alice_wonderland.txt,29463,the,3,13173,23
alice_wonderland.txt,29463,thi,3,8198,12
alice_wonderland.txt,29463,tho,3,5133,7
alice_wonderland.txt,29463,thu,3,3516,4
alice_wonderland.txt,29463,to,2,14792,24
alice_wonderland.txt,29463,tow,3,1487,1
alice_wonderland.txt,29463,tom,3,1385,1
alice_wonderland.txt,29463,tr,2,24913,35
alice_wonderland.txt,29463,tre,3,9091,13
alice_wonderland.txt,29463,tri,3,8575,7
alice_wonderland.txt,29463,tu,2,10388,16
alice_wonderland.txt,29463,tur,3,6123,10
alice_wonderland.txt,29463,un,2,28196,35
alice_wonderland.txt,29463,und,3,5191,7
alice_wonderland.txt,29463,unt,3,1968,2
alice_wonderland.txt,29463,up,2,5124,7
alice_wonderland.txt,29463,upo,3,1056,1
alice_wonderland.txt,29463,ve,2,6867,9
alice_wonderland.txt,29463,ver,3,3615,5
alice_wonderland.txt,29463,wa,2,25214,39
alice_wonderland.txt,29463,wan,3,3592,6
alice_wonderland.txt,29463,was,3,4261,7
alice_wonderland.txt,29463,wat,3,4385,6
alice_wonderland.txt,29463,we,2,9330,16
alice_wonderland.txt,29463,wel,3,1950,2
alice_wonderland.txt,29463,wer,3,1839,2
alice_wonderland.txt,29463,wh,2,18088,29
alice_wonderland.txt,29463,whe,3,4622,7
alice_wonderland.txt,29463,whi,3,7638,11
alice_wonderland.txt,29463,who,3,3525,6
alice_wonderland.txt,29463,why,3,1023,1
alice_wonderland.txt,29463,wil,3,4834,5
alice_wonderland.txt,29463,wo,2,26931,27
alice_wonderland.txt,29463,won,3,4413,7
alice_wonderland.txt,29463,wond,4,4764,5
alice_wonderland.txt,29463,yo,2,8363,13
alice_wonderland.txt,29463,you,3,6894,13
alice_wonderland.txt,29463,your,4,2844,4
alice_wonderland.txt,29463,ze,2,1369,1
alice_wonderland.txt,29463,zy,2,489,0
jekyll_hyde.txt,28641,al,2,23068,25
jekyll_hyde.txt,28641,ali,3,1402,1
jekyll_hyde.txt,28641,alic,4,921,0
jekyll_hyde.txt,28641,an,2,16250,23
jekyll_hyde.txt,28641,and,3,1828,2
jekyll_hyde.txt,28641,ans,3,2469,3
jekyll_hyde.txt,28641,be,2,32207,55
jekyll_hyde.txt,28641,beg,3,4322,8
jekyll_hyde.txt,28641,bec,3,3623,5
jekyll_hyde.txt,28641,bee,3,2462,3
jekyll_hyde.txt,28641,bo,2,15031,29
jekyll_hyde.txt,28641,boo,3,2337,3
jekyll_hyde.txt,28641,bod,3,1064,1
jekyll_hyde.txt,28641,ca,2,35384,57
jekyll_hyde.txt,28641,cat,3,2582,2
jekyll_hyde.txt,28641,car,3,9322,16
jekyll_hyde.txt,28641,cal,3,6367,10
jekyll_hyde.txt,28641,cha,3,13169,22
jekyll_hyde.txt,28641,chap,4,869,0
jekyll_hyde.txt,28641,char,4,6038,9
jekyll_hyde.txt,28641,che,3,7715,12
jekyll_hyde.txt,28641,chi,3,5282,8
jekyll_hyde.txt,28641,co,2,114785,181
jekyll_hyde.txt,28641,com,3,28829,51
jekyll_hyde.txt,28641,cou,3,8942,15
jekyll_hyde.txt,28641,con,3,47397,76
jekyll_hyde.txt,28641,da,2,17453,29
jekyll_hyde.txt,28641,dar,3,3669,6
jekyll_hyde.txt,28641,day,3,3563,5
jekyll_hyde.txt,28641,do,2,22972,39
jekyll_hyde.txt,28641,don,3,3826,6
jekyll_hyde.txt,28641,dou,3,4318,7
jekyll_hyde.txt,28641,dr,2,21593,37
jekyll_hyde.txt,28641,dre,3,5956,11
jekyll_hyde.txt,28641,dra,3,5763,9
jekyll_hyde.txt,28641,ea,2,11203,19
jekyll_hyde.txt,28641,ear,3,4415,8
jekyll_hyde.txt,28641,eat,3,2416,2
jekyll_hyde.txt,28641,ev,2,5481,8
jekyll_hyde.txt,28641,eve,3,3150,5
jekyll_hyde.txt,28641,ever,4,1696,2
jekyll_hyde.txt,28641,eve,3,8331,5
jekyll_hyde.txt,28641,fa,2,36529,48
jekyll_hyde.txt,28641,fal,3,2967,4
jekyll_hyde.txt,28641,fam,3,4292,6
jekyll_hyde.txt,28641,fi,2,17717,32
jekyll_hyde.txt,28641,fin,3,4618,6
jekyll_hyde.txt,28641,fir,3,4677,8
jekyll_hyde.txt,28641,fo,2,31437,57
jekyll_hyde.txt,28641,for,3,16137,30
jekyll_hyde.txt,28641,forg,4,3884,6
jekyll_hyde.txt,28641,fr,2,19245,32
jekyll_hyde.txt,28641,fri,3,4376,6
jekyll_hyde.txt,28641,fro,3,4383,8
jekyll_hyde.txt,28641,ga,2,10094,16
jekyll_hyde.txt,28641,gam,3,694,0
jekyll_hyde.txt,28641,gat,3,1387,1
jekyll_hyde.txt,28641,go,2,8307,15
jekyll_hyde.txt,28641,gon,3,1240,1
jekyll_hyde.txt,28641,goo,3,3559,5
jekyll_hyde.txt,28641,gr,2,20767,35
jekyll_hyde.txt,28641,gro,3,6186,11
jekyll_hyde.txt,28641,gre,3,5655,10
jekyll_hyde.txt,28641,ha,2,32070,56
jekyll_hyde.txt,28641,had,3,1094,1
jekyll_hyde.txt,28641,hap,3,2906,4
jekyll_hyde.txt,28641,hat,3,3478,6
jekyll_hyde.txt,28641,hea,3,9620,14
jekyll_hyde.txt,28641,hea,3,7578,14
jekyll_hyde.txt,28641,hel,3,3253,5
jekyll_hyde.txt,28641,he,2,19364,36
jekyll_hyde.txt,28641,her,3,3894,6
jekyll_hyde.txt,28641,hes,3,2056,3
jekyll_hyde.txt,28641,ho,2,21228,36
jekyll_hyde.txt,28641,hou,3,5506,9
jekyll_hyde.txt,28641,how,3,1698,2
jekyll_hyde.txt,28641,hum,3,4734,6
jekyll_hyde.txt,28641,ki,2,6809,11
jekyll_hyde.txt,28641,kin,3,4247,7
jekyll_hyde.txt,28641,la,2,25092,41
jekyll_hyde.txt,28641,lad,3,1249,1
jekyll_hyde.txt,28641,lar,3,1058,1
jekyll_hyde.txt,28641,lat,3,3364,5
jekyll_hyde.txt,28641,li,2,30181,54
jekyll_hyde.txt,28641,lit,3,3638,5
jekyll_hyde.txt,28641,lit,3,3515,5
jekyll_hyde.txt,28641,lo,2,24605,42
jekyll_hyde.txt,28641,lon,3,3769,6
jekyll_hyde.txt,28641,loo,3,4349,6
jekyll_hyde.txt,28641,ma,2,35306,56
jekyll_hyde.txt,28641,man,3,6666,11
jekyll_hyde.txt,28641,mat,3,3661,6
jekyll_hyde.txt,28641,mad,3,2728,4
jekyll_hyde.txt,28641,me,2,24675,39
jekyll_hyde.txt,28641,men,3,3794,6
jekyll_hyde.txt,28641,mem,3,2259,2
jekyll_hyde.txt,28641,mi,2,25953,37
jekyll_hyde.txt,28641,min,3,3698,6
jekyll_hyde.txt,28641,mis,3,8326,13
jekyll_hyde.txt,28641,mo,2,24873,38
jekyll_hyde.txt,28641,mon,3,3926,6
jekyll_hyde.txt,28641,mom,3,2278,3
jekyll_hyde.txt,28641,ne,2,18006,27
jekyll_hyde.txt,28641,nev,3,1245,1
jekyll_hyde.txt,28641,new,3,3518,5
jekyll_hyde.txt,28641,nic,3,1788,2
jekyll_hyde.txt,28641,no,2,16321,28
jekyll_hyde.txt,28641,not,3,5650,9
jekyll_hyde.txt,28641,now,3,1612,2
jekyll_hyde.txt,28641,of,2,6531,12
jekyll_hyde.txt,28641,off,3,5228,10
jekyll_hyde.txt,28641,oft,3,1074,1
jekyll_hyde.txt,28641,on,2,3701,6
jekyll_hyde.txt,28641,onc,3,1114,1
jekyll_hyde.txt,28641,one,3,1579,2
jekyll_hyde.txt,28641,ou,2,4746,7
jekyll_hyde.txt,28641,our,3,2300,3
jekyll_hyde.txt,28641,out,3,2797,4
jekyll_hyde.txt,28641,ov,2,5649,7
jekyll_hyde.txt,28641,ove,3,5231,7
jekyll_hyde.txt,28641,over,4,5192,7
jekyll_hyde.txt,28641,pa,2,40928,69
jekyll_hyde.txt,28641,par,3,8286,15
jekyll_hyde.txt,28641,parl,4,1384,1
jekyll_hyde.txt,28641,pe,2,25909,40
jekyll_hyde.txt,28641,per,3,13610,23
jekyll_hyde.txt,28641,perh,4,1549,1
jekyll_hyde.txt,28641,pla,3,6203,10
jekyll_hyde.txt,28641,ple,3,7226,10
jekyll_hyde.txt,28641,plu,3,2613,3
jekyll_hyde.txt,28641,po,2,28438,43
jekyll_hyde.txt,28641,pos,3,9782,16
jekyll_hyde.txt,28641,pow,3,2486,3
jekyll_hyde.txt,28641,pr,2,63532,102
jekyll_hyde.txt,28641,pre,3,20213,33
jekyll_hyde.txt,28641,pro,3,39629,55
jekyll_hyde.txt,28641,pret,4,4079,2
jekyll_hyde.txt,28641,pu,2,20557,21
jekyll_hyde.txt,28641,pur,3,4825,7
jekyll_hyde.txt,28641,qu,2,13533,22
jekyll_hyde.txt,28641,que,3,2484,3
jekyll_hyde.txt,28641,ques,4,1892,2
jekyll_hyde.txt,28641,qui,3,4417,7
jekyll_hyde.txt,28641,ra,2,15082,23
jekyll_hyde.txt,28641,rab,3,677,0
jekyll_hyde.txt,28641,rat,3,1767,2
jekyll_hyde.txt,28641,ran,3,3240,5
jekyll_hyde.txt,28641,re,2,108466,154
jekyll_hyde.txt,28641,rea,3,10267,16
jekyll_hyde.txt,28641,rem,3,8907,15
jekyll_hyde.txt,28641,rep,3,12685,19
jekyll_hyde.txt,28641,res,3,15885,21
jekyll_hyde.txt,28641,ret,3,4062,6
jekyll_hyde.txt,28641,ro,2,14212,21
jekyll_hyde.txt,28641,roo,3,3291,5
jekyll_hyde.txt,28641,rou,3,1838,2
jekyll_hyde.txt,28641,sa,2,17457,29
jekyll_hyde.txt,28641,sat,3,2533,4
jekyll_hyde.txt,28641,say,3,2443,4
jekyll_hyde.txt,28641,sai,3,1229,1
jekyll_hyde.txt,28641,se,2,47509,71
jekyll_hyde.txt,28641,see,3,4553,8
jekyll_hyde.txt,28641,ser,3,5958,9
jekyll_hyde.txt,28641,sec,3,6469,10
jekyll_hyde.txt,28641,sh,2,28094,52
jekyll_hyde.txt,28641,she,3,3743,7
jekyll_hyde.txt,28641,sho,3,8691,16
jekyll_hyde.txt,28641,sha,3,9866,17
jekyll_hyde.txt,28641,si,2,44435,47
jekyll_hyde.txt,28641,sin,3,8127,14
jekyll_hyde.txt,28641,sit,3,4041,6
jekyll_hyde.txt,28641,so,2,47531,44
jekyll_hyde.txt,28641,som,3,5602,8
jekyll_hyde.txt,28641,sou,3,3511,5
jekyll_hyde.txt,28641,sp,2,16074,26
jekyll_hyde.txt,28641,spe,3,4695,7
jekyll_hyde.txt,28641,spi,3,3286,5
jekyll_hyde.txt,28641,st,2,62599,110
jekyll_hyde.txt,28641,sta,3,19608,35
jekyll_hyde.txt,28641,sto,3,6509,13
jekyll_hyde.txt,28641,str,3,17340,29
jekyll_hyde.txt,28641,su,2,46856,70
jekyll_hyde.txt,28641,sur,3,8048,11
jekyll_hyde.txt,28641,ta,2,10972,18
jekyll_hyde.txt,28641,tak,3,2502,4
jekyll_hyde.txt,28641,tal,3,2986,5
jekyll_hyde.txt,28641,taw,3,578,0
jekyll_hyde.txt,28641,te,2,19814,31
jekyll_hyde.txt,28641,tel,3,2069,2
jekyll_hyde.txt,28641,ten,3,3427,5
jekyll_hyde.txt,28641,ter,3,4014,6
jekyll_hyde.txt,28641,th,2,34270,59
jekyll_hyde.txt,28641,the,3,12356,19
jekyll_hyde.txt,28641,thi,3,6137,10
jekyll_hyde.txt,28641,tho,3,6607,10
jekyll_hyde.txt,28641,thu,3,1047,1
jekyll_hyde.txt,28641,to,2,21838,33
jekyll_hyde.txt,28641,tow,3,2955,4
jekyll_hyde.txt,28641,tom,3,1519,1
jekyll_hyde.txt,28641,tr,2,36614,56
jekyll_hyde.txt,28641,tre,3,5053,8
jekyll_hyde.txt,28641,tri,3,4874,8
jekyll_hyde.txt,28641,tu,2,7526,8
jekyll_hyde.txt,28641,tur,3,4839,6
jekyll_hyde.txt,28641,un,2,64253,63
jekyll_hyde.txt,28641,und,3,7245,8
jekyll_hyde.txt,28641,unt,3,2214,2
jekyll_hyde.txt,28641,up,2,6138,8
jekyll_hyde.txt,28641,upo,3,1139,1
jekyll_hyde.txt,28641,ve,2,7335,10
jekyll_hyde.txt,28641,ver,3,2205,2
jekyll_hyde.txt,28641,wa,2,23345,39
jekyll_hyde.txt,28641,wan,3,3077,4
jekyll_hyde.txt,28641,was,3,1631,2
jekyll_hyde.txt,28641,wat,3,3534,6
jekyll_hyde.txt,28641,we,2,22526,35
jekyll_hyde.txt,28641,wel,3,5857,8
jekyll_hyde.txt,28641,wer,3,1331,1
jekyll_hyde.txt,28641,wh,2,22783,34
jekyll_hyde.txt,28641,whe,3,6473,10
jekyll_hyde.txt,28641,whi,3,7731,12
jekyll_hyde.txt,28641,who,3,3978,7
jekyll_hyde.txt,28641,why,3,1381,1
jekyll_hyde.txt,28641,wil,3,2514,3
jekyll_hyde.txt,28641,wo,2,14308,24
jekyll_hyde.txt,28641,won,3,3792,5
jekyll_hyde.txt,28641,wond,4,2892,4
jekyll_hyde.txt,28641,yo,2,4375,8
jekyll_hyde.txt,28641,you,3,4176,8
jekyll_hyde.txt,28641,your,4,2780,3
jekyll_hyde.txt,28641,ze,2,393,0
jekyll_hyde.txt,28641,zy,2,383,0
pride_prejudice.txt,130171,al,2,21314,51
pride_prejudice.txt,130171,ali,3,1753,4
pride_prejudice.txt,130171,alic,4,435,0
pride_prejudice.txt,130171,an,2,17450,51
pride_prejudice.txt,130171,and,3,959,2
pride_prejudice.txt,130171,ans,3,2078,6
pride_prejudice.txt,130171,be,2,30732,90
pride_prejudice.txt,130171,beg,3,2776,9
pride_prejudice.txt,130171,bec,3,1797,5
pride_prejudice.txt,130171,bee,3,561,1
pride_prejudice.txt,130171,bo,2,15105,45
pride_prejudice.txt,130171,boo,3,1074,3
pride_prejudice.txt,130171,bod,3,602,1
pride_prejudice.txt,130171,ca,2,28276,81
pride_prejudice.txt,130171,cat,3,1981,5
pride_prejudice.txt,130171,car,3,6977,24
pride_prejudice.txt,130171,cal,3,3369,11
pride_prejudice.txt,130171,cha,3,14375,44
pride_prejudice.txt,130171,chap,4,1493,4
pride_prejudice.txt,130171,char,4,7412,23
pride_prejudice.txt,130171,che,3,5304,16
pride_prejudice.txt,130171,chi,3,4133,11
pride_prejudice.txt,130171,co,2,130754,398
pride_prejudice.txt,130171,com,3,27492,99
pride_prejudice.txt,130171,cou,3,9373,33
pride_prejudice.txt,130171,con,3,53690,190
pride_prejudice.txt,130171,da,2,12599,35
pride_prejudice.txt,130171,dar,3,3524,12
pride_prejudice.txt,130171,day,3,769,2
pride_prejudice.txt,130171,do,2,11800,38
pride_prejudice.txt,130171,don,3,2393,8
pride_prejudice.txt,130171,dou,3,3007,10
pride_prejudice.txt,130171,dr,2,10652,33
pride_prejudice.txt,130171,dre,3,3821,12
pride_prejudice.txt,130171,dra,3,2712,10
pride_prejudice.txt,130171,ea,2,8079,25
pride_prejudice.txt,130171,ear,3,3477,11
pride_prejudice.txt,130171,eat,3,813,2
pride_prejudice.txt,130171,ev,2,7116,20
pride_prejudice.txt,130171,eve,3,3935,15
pride_prejudice.txt,130171,ever,4,3004,9
pride_prejudice.txt,130171,eve,3,3794,15
pride_prejudice.txt,130171,fa,2,25651,75
pride_prejudice.txt,130171,fal,3,3090,9
pride_prejudice.txt,130171,fam,3,2104,6
pride_prejudice.txt,130171,fi,2,17399,58
pride_prejudice.txt,130171,fin,3,8768,18
pride_prejudice.txt,130171,fir,3,3918,7
pride_prejudice.txt,130171,fo,2,30094,93
pride_prejudice.txt,130171,for,3,15791,60
pride_prejudice.txt,130171,forg,4,3839,11
pride_prejudice.txt,130171,fr,2,13750,42
pride_prejudice.txt,130171,fri,3,4415,15
pride_prejudice.txt,130171,fro,3,1765,5
pride_prejudice.txt,130171,ga,2,9286,28
pride_prejudice.txt,130171,gam,3,1221,3
pride_prejudice.txt,130171,gat,3,1256,4
pride_prejudice.txt,130171,go,2,11535,33
pride_prejudice.txt,130171,gon,3,775,2
pride_prejudice.txt,130171,goo,3,4314,12
pride_prejudice.txt,130171,gr,2,25122,73
pride_prejudice.txt,130171,gro,3,4116,16
pride_prejudice.txt,130171,gre,3,3836,12
pride_prejudice.txt,130171,ha,2,27979,84
pride_prejudice.txt,130171,had,3,746,2
pride_prejudice.txt,130171,hap,3,2955,10
pride_prejudice.txt,130171,hat,3,2573,9
pride_prejudice.txt,130171,hea,3,9014,28
pride_prejudice.txt,130171,hea,3,7346,28
pride_prejudice.txt,130171,hel,3,1464,4
pride_prejudice.txt,130171,he,2,22041,72
pride_prejudice.txt,130171,her,3,7333,23
pride_prejudice.txt,130171,hes,3,1648,4
pride_prejudice.txt,130171,ho,2,13582,43
pride_prejudice.txt,130171,hou,3,3018,11
pride_prejudice.txt,130171,how,3,1188,3
pride_prejudice.txt,130171,hum,3,3973,10
pride_prejudice.txt,130171,ki,2,5865,19
pride_prejudice.txt,130171,kin,3,3414,11
pride_prejudice.txt,130171,la,2,18231,60
pride_prejudice.txt,130171,lad,3,2198,8
pride_prejudice.txt,130171,lar,3,1574,4
pride_prejudice.txt,130171,lat,3,1690,6
pride_prejudice.txt,130171,li,2,23259,71
pride_prejudice.txt,130171,lit,3,1345,3
pride_prejudice.txt,130171,lit,3,1285,3
pride_prejudice.txt,130171,lo,2,15968,51
pride_prejudice.txt,130171,lon,3,2157,7
pride_prejudice.txt,130171,loo,3,2611,8
pride_prejudice.txt,130171,ma,2,31193,89
pride_prejudice.txt,130171,man,3,6807,23
pride_prejudice.txt,130171,mat,3,4766,16
pride_prejudice.txt,130171,mad,3,804,2
pride_prejudice.txt,130171,me,2,23568,69
pride_prejudice.txt,130171,men,3,3119,9
pride_prejudice.txt,130171,mem,3,1447,4
pride_prejudice.txt,130171,mi,2,26467,76
pride_prejudice.txt,130171,min,3,5541,17
pride_prejudice.txt,130171,mis,3,11128,35
pride_prejudice.txt,130171,mo,2,16830,53
pride_prejudice.txt,130171,mon,3,2353,7
pride_prejudice.txt,130171,mom,3,1137,3
pride_prejudice.txt,130171,ne,2,15932,50
pride_prejudice.txt,130171,nev,3,626,1
pride_prejudice.txt,130171,new,3,2213,7
pride_prejudice.txt,130171,nic,3,2253,6
pride_prejudice.txt,130171,no,2,15995,52
pride_prejudice.txt,130171,not,3,3750,15
pride_prejudice.txt,130171,now,3,1335,4
pride_prejudice.txt,130171,of,2,6396,23
pride_prejudice.txt,130171,off,3,4758,17
pride_prejudice.txt,130171,oft,3,830,2
pride_prejudice.txt,130171,on,2,3203,10
pride_prejudice.txt,130171,onc,3,517,1
pride_prejudice.txt,130171,one,3,1395,4
pride_prejudice.txt,130171,ou,2,5302,16
pride_prejudice.txt,130171,our,3,1176,3
pride_prejudice.txt,130171,out,3,3632,12
pride_prejudice.txt,130171,ov,2,9856,28
pride_prejudice.txt,130171,ove,3,7892,28
pride_prejudice.txt,130171,over,4,7528,28
pride_prejudice.txt,130171,pa,2,31014,103
pride_prejudice.txt,130171,par,3,10822,37
pride_prejudice.txt,130171,parl,4,699,1
pride_prejudice.txt,130171,pe,2,25857,82
pride_prejudice.txt,130171,per,3,14603,54
pride_prejudice.txt,130171,perh,4,787,1
pride_prejudice.txt,130171,pla,3,7697,23
pride_prejudice.txt,130171,ple,3,7120,19
pride_prejudice.txt,130171,plu,3,338,0
pride_prejudice.txt,130171,po,2,20270,63
pride_prejudice.txt,130171,pos,3,6194,21
pride_prejudice.txt,130171,pow,3,1407,4
pride_prejudice.txt,130171,pr,2,65418,218
pride_prejudice.txt,130171,pre,3,21465,75
pride_prejudice.txt,130171,pro,3,28363,106
pride_prejudice.txt,130171,pret,4,3556,11
pride_prejudice.txt,130171,pu,2,10773,37
pride_prejudice.txt,130171,pur,3,4319,16
pride_prejudice.txt,130171,qu,2,12265,35
pride_prejudice.txt,130171,que,3,2745,9
pride_prejudice.txt,130171,ques,4,2252,8
pride_prejudice.txt,130171,qui,3,3899,12
pride_prejudice.txt,130171,ra,2,11163,38
pride_prejudice.txt,130171,rab,3,328,0
pride_prejudice.txt,130171,rat,3,1946,6
pride_prejudice.txt,130171,ran,3,1597,6
pride_prejudice.txt,130171,re,2,107020,339
pride_prejudice.txt,130171,rea,3,12229,27
pride_prejudice.txt,130171,rem,3,7677,25
pride_prejudice.txt,130171,rep,3,13057,48
pride_prejudice.txt,130171,res,3,14734,56
pride_prejudice.txt,130171,ret,3,5371,19
pride_prejudice.txt,130171,ro,2,6821,20
pride_prejudice.txt,130171,roo,3,829,2
pride_prejudice.txt,130171,rou,3,1281,4
pride_prejudice.txt,130171,sa,2,15752,54
pride_prejudice.txt,130171,sat,3,3801,13
pride_prejudice.txt,130171,say,3,1134,4
pride_prejudice.txt,130171,sai,3,939,2
pride_prejudice.txt,130171,se,2,42102,127
pride_prejudice.txt,130171,see,3,2743,10
pride_prejudice.txt,130171,ser,3,4362,15
pride_prejudice.txt,130171,sec,3,5442,17
pride_prejudice.txt,130171,sh,2,19372,65
pride_prejudice.txt,130171,she,3,1900,7
pride_prejudice.txt,130171,sho,3,6623,25
pride_prejudice.txt,130171,sha,3,5017,19
pride_prejudice.txt,130171,si,2,17036,58
pride_prejudice.txt,130171,sin,3,3821,14
pride_prejudice.txt,130171,sit,3,3322,6
pride_prejudice.txt,130171,so,2,17042,55
pride_prejudice.txt,130171,som,3,2589,8
pride_prejudice.txt,130171,sou,3,2531,9
pride_prejudice.txt,130171,sp,2,16697,58
pride_prejudice.txt,130171,spe,3,6282,21
pride_prejudice.txt,130171,spi,3,1678,5
pride_prejudice.txt,130171,st,2,35746,124
pride_prejudice.txt,130171,sta,3,10439,36
pride_prejudice.txt,130171,sto,3,4395,15
pride_prejudice.txt,130171,str,3,11724,39
pride_prejudice.txt,130171,su,2,36426,111
pride_prejudice.txt,130171,sur,3,5922,18
pride_prejudice.txt,130171,ta,2,19677,27
pride_prejudice.txt,130171,tak,3,1482,4
pride_prejudice.txt,130171,tal,3,3163,11
pride_prejudice.txt,130171,taw,3,312,0
pride_prejudice.txt,130171,te,2,14368,47
pride_prejudice.txt,130171,tel,3,1371,3
pride_prejudice.txt,130171,ten,3,3381,12
pride_prejudice.txt,130171,ter,3,1980,5
pride_prejudice.txt,130171,th,2,31907,86
pride_prejudice.txt,130171,the,3,7167,26
pride_prejudice.txt,130171,thi,3,4656,17
pride_prejudice.txt,130171,tho,3,3955,13
pride_prejudice.txt,130171,thu,3,920,2
pride_prejudice.txt,130171,to,2,10305,35
pride_prejudice.txt,130171,tow,3,913,2
pride_prejudice.txt,130171,tom,3,636,1
pride_prejudice.txt,130171,tr,2,23385,73
pride_prejudice.txt,130171,tre,3,3881,13
pride_prejudice.txt,130171,tri,3,4299,16
pride_prejudice.txt,130171,tu,2,2952,9
pride_prejudice.txt,130171,tur,3,2039,7
pride_prejudice.txt,130171,un,2,76207,180
pride_prejudice.txt,130171,und,3,8185,22
pride_prejudice.txt,130171,unt,3,2181,6
pride_prejudice.txt,130171,up,2,4214,11
pride_prejudice.txt,130171,upo,3,595,1
pride_prejudice.txt,130171,ve,2,8405,25
pride_prejudice.txt,130171,ver,3,2800,9
pride_prejudice.txt,130171,wa,2,17026,54
pride_prejudice.txt,130171,wan,3,2444,8
pride_prejudice.txt,130171,was,3,1053,3
pride_prejudice.txt,130171,wat,3,3202,10
pride_prejudice.txt,130171,we,2,16066,49
pride_prejudice.txt,130171,wel,3,6354,17
pride_prejudice.txt,130171,wer,3,606,1
pride_prejudice.txt,130171,wh,2,9128,31
pride_prejudice.txt,130171,whe,3,1901,6
pride_prejudice.txt,130171,whi,3,4044,14
pride_prejudice.txt,130171,who,3,1399,5
pride_prejudice.txt,130171,why,3,481,1
pride_prejudice.txt,130171,wil,3,3741,10
pride_prejudice.txt,130171,wo,2,12372,42
pride_prejudice.txt,130171,won,3,2251,8
pride_prejudice.txt,130171,wond,4,1839,6
pride_prejudice.txt,130171,yo,2,5868,21
pride_prejudice.txt,130171,you,3,5373,20
pride_prejudice.txt,130171,your,4,1650,5
pride_prejudice.txt,130171,ze,2,160,0
pride_prejudice.txt,130171,zy,2,180,0
scarlett_letter.txt,86767,al,2,47471,49
scarlett_letter.txt,86767,ali,3,5633,6
scarlett_letter.txt,86767,alic,4,1205,0
scarlett_letter.txt,86767,an,2,58869,68
scarlett_letter.txt,86767,and,3,5403,7
scarlett_letter.txt,86767,ans,3,2095,2
scarlett_letter.txt,86767,be,2,111559,135
scarlett_letter.txt,86767,beg,3,5498,8
scarlett_letter.txt,86767,bec,3,5707,7
scarlett_letter.txt,86767,bee,3,5217,5
scarlett_letter.txt,86767,bo,2,47941,59
scarlett_letter.txt,86767,boo,3,5507,7
scarlett_letter.txt,86767,bod,3,3727,4
scarlett_letter.txt,86767,ca,2,75921,92
scarlett_letter.txt,86767,cat,3,6206,7
scarlett_letter.txt,86767,car,3,18622,26
scarlett_letter.txt,86767,cal,3,11635,15
scarlett_letter.txt,86767,cha,3,34471,43
scarlett_letter.txt,86767,chap,4,2305,1
scarlett_letter.txt,86767,char,4,12894,18
scarlett_letter.txt,86767,che,3,14330,15
scarlett_letter.txt,86767,chi,3,35717,34
scarlett_letter.txt,86767,co,2,358688,371
scarlett_letter.txt,86767,com,3,64036,90
scarlett_letter.txt,86767,cou,3,19126,24
scarlett_letter.txt,86767,con,3,139685,180
scarlett_letter.txt,86767,da,2,36593,46
scarlett_letter.txt,86767,dar,3,11550,15
scarlett_letter.txt,86767,day,3,5197,6
scarlett_letter.txt,86767,do,2,38566,49
scarlett_letter.txt,86767,don,3,4620,5
scarlett_letter.txt,86767,dou,3,7556,10
scarlett_letter.txt,86767,dr,2,39195,54
scarlett_letter.txt,86767,dre,3,14464,20
scarlett_letter.txt,86767,dra,3,9243,13
scarlett_letter.txt,86767,ea,2,22284,28
scarlett_letter.txt,86767,ear,3,10529,15
scarlett_letter.txt,86767,eat,3,1972,2
scarlett_letter.txt,86767,ev,2,30210,31
scarlett_letter.txt,86767,eve,3,15606,20
scarlett_letter.txt,86767,ever,4,12293,14
scarlett_letter.txt,86767,eve,3,15320,20
scarlett_letter.txt,86767,fa,2,71470,92
scarlett_letter.txt,86767,fal,3,7039,9
scarlett_letter.txt,86767,fam,3,6934,9
scarlett_letter.txt,86767,fi,2,54464,70
scarlett_letter.txt,86767,fin,3,8922,12
scarlett_letter.txt,86767,fir,3,9677,13
scarlett_letter.txt,86767,fo,2,103463,127
scarlett_letter.txt,86767,for,3,61808,86
scarlett_letter.txt,86767,forg,4,7555,10
scarlett_letter.txt,86767,fr,2,47849,64
scarlett_letter.txt,86767,fri,3,12227,18
scarlett_letter.txt,86767,fro,3,9648,13
scarlett_letter.txt,86767,ga,2,31895,41
scarlett_letter.txt,86767,gam,3,970,0
scarlett_letter.txt,86767,gat,3,6125,7
scarlett_letter.txt,86767,go,2,34746,42
scarlett_letter.txt,86767,gon,3,2248,2
scarlett_letter.txt,86767,goo,3,8113,10
scarlett_letter.txt,86767,gr,2,81394,89
scarlett_letter.txt,86767,gro,3,17831,21
scarlett_letter.txt,86767,gre,3,11374,13
scarlett_letter.txt,86767,ha,2,102799,116
scarlett_letter.txt,86767,had,3,4234,4
scarlett_letter.txt,86767,hap,3,10301,13
scarlett_letter.txt,86767,hat,3,6666,9
scarlett_letter.txt,86767,hea,3,56527,54
scarlett_letter.txt,86767,hea,3,39589,54
scarlett_letter.txt,86767,hel,3,7672,8
scarlett_letter.txt,86767,he,2,104863,128
scarlett_letter.txt,86767,her,3,27505,36
scarlett_letter.txt,86767,hes,3,7901,9
scarlett_letter.txt,86767,ho,2,58436,67
scarlett_letter.txt,86767,hou,3,6383,7
scarlett_letter.txt,86767,how,3,2920,3
scarlett_letter.txt,86767,hum,3,13332,13
scarlett_letter.txt,86767,ki,2,19430,23
scarlett_letter.txt,86767,kin,3,10970,15
scarlett_letter.txt,86767,la,2,62045,76
scarlett_letter.txt,86767,lad,3,3414,4
scarlett_letter.txt,86767,lar,3,3354,4
scarlett_letter.txt,86767,lat,3,11658,15
scarlett_letter.txt,86767,li,2,71157,85
scarlett_letter.txt,86767,lit,3,4293,4
scarlett_letter.txt,86767,lit,3,4062,4
scarlett_letter.txt,86767,lo,2,67916,80
scarlett_letter.txt,86767,lon,3,22300,24
scarlett_letter.txt,86767,loo,3,9271,11
scarlett_letter.txt,86767,ma,2,141335,150
scarlett_letter.txt,86767,man,3,25333,31
scarlett_letter.txt,86767,mat,3,22441,23
scarlett_letter.txt,86767,mad,3,6535,6
scarlett_letter.txt,86767,me,2,84990,96
scarlett_letter.txt,86767,men,3,6378,8
scarlett_letter.txt,86767,mem,3,6910,8
scarlett_letter.txt,86767,mi,2,88302,93
scarlett_letter.txt,86767,min,3,23749,29
scarlett_letter.txt,86767,mis,3,28357,32
scarlett_letter.txt,86767,mo,2,93781,108
scarlett_letter.txt,86767,mon,3,8565,10
scarlett_letter.txt,86767,mom,3,6613,7
scarlett_letter.txt,86767,ne,2,53245,58
scarlett_letter.txt,86767,nev,3,6509,6
scarlett_letter.txt,86767,new,3,8240,9
scarlett_letter.txt,86767,nic,3,1000,0
scarlett_letter.txt,86767,no,2,46315,48
scarlett_letter.txt,86767,not,3,10506,12
scarlett_letter.txt,86767,now,3,5112,5
scarlett_letter.txt,86767,of,2,25061,27
scarlett_letter.txt,86767,off,3,18025,21
scarlett_letter.txt,86767,oft,3,3933,4
scarlett_letter.txt,86767,on,2,13493,15
scarlett_letter.txt,86767,onc,3,3375,3
scarlett_letter.txt,86767,one,3,5625,7
scarlett_letter.txt,86767,ou,2,27955,30
scarlett_letter.txt,86767,our,3,3017,3
scarlett_letter.txt,86767,out,3,21896,26
scarlett_letter.txt,86767,ov,2,24106,24
scarlett_letter.txt,86767,ove,3,20152,24
scarlett_letter.txt,86767,over,4,19607,24
scarlett_letter.txt,86767,pa,2,110636,128
scarlett_letter.txt,86767,par,3,30794,37
scarlett_letter.txt,86767,parl,4,1927,1
scarlett_letter.txt,86767,pe,2,110320,126
scarlett_letter.txt,86767,per,3,55386,67
scarlett_letter.txt,86767,perh,4,3107,2
scarlett_letter.txt,86767,pla,3,27102,33
scarlett_letter.txt,86767,ple,3,12797,15
scarlett_letter.txt,86767,plu,3,4738,5
scarlett_letter.txt,86767,po,2,69689,78
scarlett_letter.txt,86767,pos,3,15244,19
scarlett_letter.txt,86767,pow,3,6387,8
scarlett_letter.txt,86767,pr,2,231062,260
scarlett_letter.txt,86767,pre,3,52784,65
scarlett_letter.txt,86767,pro,3,88173,121
scarlett_letter.txt,86767,pret,4,5716,5
scarlett_letter.txt,86767,pu,2,39402,48
scarlett_letter.txt,86767,pur,3,18773,24
scarlett_letter.txt,86767,qu,2,39303,46
scarlett_letter.txt,86767,que,3,8986,13
scarlett_letter.txt,86767,ques,4,5828,8
scarlett_letter.txt,86767,qui,3,13737,15
scarlett_letter.txt,86767,ra,2,37983,45
scarlett_letter.txt,86767,rab,3,1967,1
scarlett_letter.txt,86767,rat,3,3255,3
scarlett_letter.txt,86767,ran,3,7676,11
scarlett_letter.txt,86767,re,2,309368,353
scarlett_letter.txt,86767,rea,3,23160,31
scarlett_letter.txt,86767,rem,3,27868,36
scarlett_letter.txt,86767,rep,3,33130,44
scarlett_letter.txt,86767,res,3,36489,56
scarlett_letter.txt,86767,ret,3,10585,13
scarlett_letter.txt,86767,ro,2,30921,39
scarlett_letter.txt,86767,roo,3,4379,6
scarlett_letter.txt,86767,rou,3,4938,6
scarlett_letter.txt,86767,sa,2,67703,82
scarlett_letter.txt,86767,sat,3,7471,9
scarlett_letter.txt,86767,say,3,4550,6
scarlett_letter.txt,86767,sai,3,7974,12
scarlett_letter.txt,86767,se,2,137717,165
scarlett_letter.txt,86767,see,3,14205,22
scarlett_letter.txt,86767,ser,3,16283,21
scarlett_letter.txt,86767,sec,3,8930,12
scarlett_letter.txt,86767,sh,2,83419,111
scarlett_letter.txt,86767,she,3,8377,12
scarlett_letter.txt,86767,sho,3,18697,29
scarlett_letter.txt,86767,sha,3,17558,29
scarlett_letter.txt,86767,si,2,60147,72
scarlett_letter.txt,86767,sin,3,16850,24
scarlett_letter.txt,86767,sit,3,5116,6
scarlett_letter.txt,86767,so,2,77980,99
scarlett_letter.txt,86767,som,3,9451,9
scarlett_letter.txt,86767,sou,3,12322,17
scarlett_letter.txt,86767,sp,2,67691,82
scarlett_letter.txt,86767,spe,3,26601,33
scarlett_letter.txt,86767,spi,3,8295,11
scarlett_letter.txt,86767,st,2,146054,194
scarlett_letter.txt,86767,sta,3,31141,52
scarlett_letter.txt,86767,sto,3,15503,24
scarlett_letter.txt,86767,str,3,34680,55
scarlett_letter.txt,86767,su,2,112207,138
scarlett_letter.txt,86767,sur,3,16518,22
scarlett_letter.txt,86767,ta,2,29646,38
scarlett_letter.txt,86767,tak,3,3194,4
scarlett_letter.txt,86767,tal,3,7287,10
scarlett_letter.txt,86767,taw,3,667,0
scarlett_letter.txt,86767,te,2,53159,68
scarlett_letter.txt,86767,tel,3,3269,4
scarlett_letter.txt,86767,ten,3,12712,17
scarlett_letter.txt,86767,ter,3,8905,12
scarlett_letter.txt,86767,th,2,89273,125
scarlett_letter.txt,86767,the,3,25367,39
scarlett_letter.txt,86767,thi,3,14989,22
scarlett_letter.txt,86767,tho,3,12498,17
scarlett_letter.txt,86767,thu,3,3654,4
scarlett_letter.txt,86767,to,2,55041,76
scarlett_letter.txt,86767,tow,3,7822,10
scarlett_letter.txt,86767,tom,3,5703,8
scarlett_letter.txt,86767,tr,2,91999,115
scarlett_letter.txt,86767,tre,3,13813,19
scarlett_letter.txt,86767,tri,3,10042,16
scarlett_letter.txt,86767,tu,2,8492,11
scarlett_letter.txt,86767,tur,3,4419,6
scarlett_letter.txt,86767,un,2,188626,191
scarlett_letter.txt,86767,und,3,19811,27
scarlett_letter.txt,86767,unt,3,10399,12
scarlett_letter.txt,86767,up,2,14151,17
scarlett_letter.txt,86767,upo,3,1423,1
scarlett_letter.txt,86767,ve,2,30715,39
scarlett_letter.txt,86767,ver,3,7811,12
scarlett_letter.txt,86767,wa,2,61519,80
scarlett_letter.txt,86767,wan,3,6413,9
scarlett_letter.txt,86767,was,3,7473,13
scarlett_letter.txt,86767,wat,3,4676,6
scarlett_letter.txt,86767,we,2,54036,65
scarlett_letter.txt,86767,wel,3,12765,16
scarlett_letter.txt,86767,wer,3,2722,3
scarlett_letter.txt,86767,wh,2,48584,63
scarlett_letter.txt,86767,whe,3,10796,16
scarlett_letter.txt,86767,whi,3,19379,28
scarlett_letter.txt,86767,who,3,6144,9
scarlett_letter.txt,86767,why,3,1993,2
scarlett_letter.txt,86767,wil,3,15657,20
scarlett_letter.txt,86767,wo,2,57272,80
scarlett_letter.txt,86767,won,3,7859,12
scarlett_letter.txt,86767,wond,4,5833,8
scarlett_letter.txt,86767,yo,2,9098,12
scarlett_letter.txt,86767,you,3,6095,10
scarlett_letter.txt,86767,your,4,2817,4
scarlett_letter.txt,86767,ze,2,2955,3
scarlett_letter.txt,86767,zy,2,508,0
war_peace.txt,565647,al,2,66951,137
war_peace.txt,565647,ali,3,5774,17
war_peace.txt,565647,alic,4,439,0
war_peace.txt,565647,an,2,63037,161
war_peace.txt,565647,and,3,7637,25
war_peace.txt,565647,ans,3,2937,9
war_peace.txt,565647,be,2,92486,232
war_peace.txt,565647,beg,3,5399,17
war_peace.txt,565647,bec,3,3162,9
war_peace.txt,565647,bee,3,3185,11
war_peace.txt,565647,bo,2,70949,180
war_peace.txt,565647,boo,3,6544,23
war_peace.txt,565647,bod,3,2122,7
war_peace.txt,565647,ca,2,111507,260
war_peace.txt,565647,cat,3,6657,20
war_peace.txt,565647,car,3,13940,54
war_peace.txt,565647,cal,3,7238,26
war_peace.txt,565647,cha,3,36428,106
war_peace.txt,565647,chap,4,1320,3
war_peace.txt,565647,char,4,9266,34
war_peace.txt,565647,che,3,15550,43
war_peace.txt,565647,chi,3,22639,53
war_peace.txt,565647,co,2,331915,831
war_peace.txt,565647,com,3,56607,176
war_peace.txt,565647,cou,3,29048,87
war_peace.txt,565647,con,3,100397,349
war_peace.txt,565647,da,2,46112,122
war_peace.txt,565647,dar,3,6936,23
war_peace.txt,565647,day,3,3700,10
war_peace.txt,565647,do,2,46062,118
war_peace.txt,565647,don,3,4327,16
war_peace.txt,565647,dou,3,4056,14
war_peace.txt,565647,dr,2,43102,126
war_peace.txt,565647,dre,3,7403,28
war_peace.txt,565647,dra,3,7320,28
war_peace.txt,565647,ea,2,14444,42
war_peace.txt,565647,ear,3,5954,20
war_peace.txt,565647,eat,3,1528,5
war_peace.txt,565647,ev,2,34284,78
war_peace.txt,565647,eve,3,17788,57
war_peace.txt,565647,ever,4,11018,32
war_peace.txt,565647,eve,3,17236,57
war_peace.txt,565647,fa,2,65067,176
war_peace.txt,565647,fal,3,5500,18
war_peace.txt,565647,fam,3,3810,14
war_peace.txt,565647,fi,2,41356,118
war_peace.txt,565647,fin,3,7349,26
war_peace.txt,565647,fir,3,6906,24
war_peace.txt,565647,fo,2,86745,223
war_peace.txt,565647,for,3,40480,134
war_peace.txt,565647,forg,4,5518,17
war_peace.txt,565647,fr,2,60142,141
war_peace.txt,565647,fri,3,10369,33
war_peace.txt,565647,fro,3,7775,26
war_peace.txt,565647,ga,2,36652,93
war_peace.txt,565647,gam,3,1695,5
war_peace.txt,565647,gat,3,2065,8
war_peace.txt,565647,go,2,34379,87
war_peace.txt,565647,gon,3,832,2
war_peace.txt,565647,goo,3,6507,18
war_peace.txt,565647,gr,2,68739,177
war_peace.txt,565647,gro,3,8860,33
war_peace.txt,565647,gre,3,7668,28
war_peace.txt,565647,ha,2,70649,193
war_peace.txt,565647,had,3,1018,3
war_peace.txt,565647,hap,3,5660,17
war_peace.txt,565647,hat,3,3121,12
war_peace.txt,565647,hea,3,17172,47
war_peace.txt,565647,hea,3,12513,47
war_peace.txt,565647,hel,3,6240,17
war_peace.txt,565647,he,2,50463,153
war_peace.txt,565647,her,3,12621,47
war_peace.txt,565647,hes,3,2464,8
war_peace.txt,565647,ho,2,66377,160
war_peace.txt,565647,hou,3,6358,24
war_peace.txt,565647,how,3,2243,7
war_peace.txt,565647,hum,3,9419,26
war_peace.txt,565647,ki,2,19224,52
war_peace.txt,565647,kin,3,5371,21
war_peace.txt,565647,la,2,70618,172
war_peace.txt,565647,lad,3,5784,15
war_peace.txt,565647,lar,3,2868,9
war_peace.txt,565647,lat,3,6065,20
war_peace.txt,565647,li,2,65655,175
war_peace.txt,565647,lit,3,3749,12
war_peace.txt,565647,lit,3,3335,12
war_peace.txt,565647,lo,2,73017,166
war_peace.txt,565647,lon,3,11897,32
war_peace.txt,565647,loo,3,5846,19
war_peace.txt,565647,ma,2,156670,339
war_peace.txt,565647,man,3,20425,65
war_peace.txt,565647,mat,3,13841,44
war_peace.txt,565647,mad,3,7060,18
war_peace.txt,565647,me,2,69580,171
war_peace.txt,565647,men,3,7856,26
war_peace.txt,565647,mem,3,3721,11
war_peace.txt,565647,mi,2,65470,162
war_peace.txt,565647,min,3,7210,25
war_peace.txt,565647,mis,3,16791,51
war_peace.txt,565647,mo,2,79309,201
war_peace.txt,565647,mon,3,11539,34
war_peace.txt,565647,mom,3,2899,10
war_peace.txt,565647,ne,2,41316,106
war_peace.txt,565647,nev,3,1975,4
war_peace.txt,565647,new,3,5665,17
war_peace.txt,565647,nic,3,5462,14
war_peace.txt,565647,no,2,53243,128
war_peace.txt,565647,not,3,10390,33
war_peace.txt,565647,now,3,5148,17
war_peace.txt,565647,of,2,16326,43
war_peace.txt,565647,off,3,9346,35
war_peace.txt,565647,oft,3,2105,6
war_peace.txt,565647,on,2,16064,39
war_peace.txt,565647,onc,3,600,1
war_peace.txt,565647,one,3,4701,16
war_peace.txt,565647,ou,2,28679,75
war_peace.txt,565647,our,3,2008,7
war_peace.txt,565647,out,3,16779,62
war_peace.txt,565647,ov,2,20720,54
war_peace.txt,565647,ove,3,14451,52
war_peace.txt,565647,over,4,14378,51
war_peace.txt,565647,pa,2,88237,241
war_peace.txt,565647,par,3,20534,72
war_peace.txt,565647,parl,4,1737,4
war_peace.txt,565647,pe,2,79456,209
war_peace.txt,565647,per,3,27389,90
war_peace.txt,565647,perh,4,721,1
war_peace.txt,565647,pla,3,24102,65
war_peace.txt,565647,ple,3,9952,27
war_peace.txt,565647,plu,3,8988,23
war_peace.txt,565647,po,2,72053,194
war_peace.txt,565647,pos,3,13257,48
war_peace.txt,565647,pow,3,5651,18
war_peace.txt,565647,pr,2,199200,415
war_peace.txt,565647,pre,3,36196,122
war_peace.txt,565647,pro,3,59644,197
war_peace.txt,565647,pret,4,4302,14
war_peace.txt,565647,pu,2,34566,98
war_peace.txt,565647,pur,3,9912,35
war_peace.txt,565647,qu,2,34432,97
war_peace.txt,565647,que,3,7022,26
war_peace.txt,565647,ques,4,3454,12
war_peace.txt,565647,qui,3,9051,34
war_peace.txt,565647,ra,2,48562,126
war_peace.txt,565647,rab,3,1119,2
war_peace.txt,565647,rat,3,4187,14
war_peace.txt,565647,ran,3,3524,14
war_peace.txt,565647,re,2,307875,717
war_peace.txt,565647,rea,3,18941,65
war_peace.txt,565647,rem,3,13894,49
war_peace.txt,565647,rep,3,23788,85
war_peace.txt,565647,res,3,26286,94
war_peace.txt,565647,ret,3,11195,37
war_peace.txt,565647,ro,2,42689,124
war_peace.txt,565647,roo,3,4635,17
war_peace.txt,565647,rou,3,6299,21
war_peace.txt,565647,sa,2,68687,173
war_peace.txt,565647,sat,3,5784,17
war_peace.txt,565647,say,3,1896,6
war_peace.txt,565647,sai,3,3239,13
war_peace.txt,565647,se,2,119883,286
war_peace.txt,565647,see,3,5960,21
war_peace.txt,565647,ser,3,11466,40
war_peace.txt,565647,sec,3,7612,27
war_peace.txt,565647,sh,2,74262,213
war_peace.txt,565647,she,3,7239,25
war_peace.txt,565647,sho,3,15340,59
war_peace.txt,565647,sha,3,15956,61
war_peace.txt,565647,si,2,59191,150
war_peace.txt,565647,sin,3,11686,32
war_peace.txt,565647,sit,3,2109,6
war_peace.txt,565647,so,2,69096,175
war_peace.txt,565647,som,3,6724,20
war_peace.txt,565647,sou,3,8626,30
war_peace.txt,565647,sp,2,56647,156
war_peace.txt,565647,spe,3,10844,38
war_peace.txt,565647,spi,3,6320,25
war_peace.txt,565647,st,2,136626,391
war_peace.txt,565647,sta,3,26372,101
war_peace.txt,565647,sto,3,12244,46
war_peace.txt,565647,str,3,30482,118
war_peace.txt,565647,su,2,90536,248
war_peace.txt,565647,sur,3,10598,38
war_peace.txt,565647,ta,2,33233,90
war_peace.txt,565647,tak,3,1340,4
war_peace.txt,565647,tal,3,5348,18
war_peace.txt,565647,taw,3,761,1
war_peace.txt,565647,te,2,36932,103
war_peace.txt,565647,tel,3,2315,6
war_peace.txt,565647,ten,3,6903,23
war_peace.txt,565647,ter,3,7662,23
war_peace.txt,565647,th,2,100294,255
war_peace.txt,565647,the,3,22219,80
war_peace.txt,565647,thi,3,15684,59
war_peace.txt,565647,tho,3,6744,21
war_peace.txt,565647,thu,3,4388,15
war_peace.txt,565647,to,2,76296,130
war_peace.txt,565647,tow,3,3311,12
war_peace.txt,565647,tom,3,3091,10
war_peace.txt,565647,tr,2,83718,237
war_peace.txt,565647,tre,3,10115,37
war_peace.txt,565647,tri,3,11144,42
war_peace.txt,565647,tu,2,16089,50
war_peace.txt,565647,tur,3,6041,19
war_peace.txt,565647,un,2,170845,379
war_peace.txt,565647,und,3,16061,53
war_peace.txt,565647,unt,3,6541,20
war_peace.txt,565647,up,2,11653,32
war_peace.txt,565647,upo,3,620,1
war_peace.txt,565647,ve,2,28227,77
war_peace.txt,565647,ver,3,6293,21
war_peace.txt,565647,wa,2,55509,153
war_peace.txt,565647,wan,3,4312,14
war_peace.txt,565647,was,3,4580,16
war_peace.txt,565647,wat,3,5851,21
war_peace.txt,565647,we,2,48687,126
war_peace.txt,565647,wel,3,13088,42
war_peace.txt,565647,wer,3,1165,3
war_peace.txt,565647,wh,2,34339,103
war_peace.txt,565647,whe,3,5977,22
war_peace.txt,565647,whi,3,12200,47
war_peace.txt,565647,who,3,6052,19
war_peace.txt,565647,why,3,1394,4
war_peace.txt,565647,wil,3,4386,14
war_peace.txt,565647,wo,2,42840,123
war_peace.txt,565647,won,3,3919,14
war_peace.txt,565647,wond,4,2410,8
war_peace.txt,565647,yo,2,12765,37
war_peace.txt,565647,you,3,9358,35
war_peace.txt,565647,your,4,1888,6
war_peace.txt,565647,ze,2,3326,9
war_peace.txt,565647,zy,2,214,0
miserables.txt,567307,al,2,64896,137
miserables.txt,567307,ali,3,3445,9
miserables.txt,567307,alic,4,2590,1
miserables.txt,567307,an,2,73536,167
miserables.txt,567307,and,3,3473,11
miserables.txt,567307,ans,3,2592,7
miserables.txt,567307,be,2,128776,301
miserables.txt,567307,beg,3,5458,17
miserables.txt,567307,bec,3,4090,11
miserables.txt,567307,bee,3,3887,14
miserables.txt,567307,bo,2,93492,247
miserables.txt,567307,boo,3,6261,20
miserables.txt,567307,bod,3,2273,8
miserables.txt,567307,ca,2,179835,456
miserables.txt,567307,cat,3,10894,35
miserables.txt,567307,car,3,33251,119
miserables.txt,567307,cal,3,13568,49
miserables.txt,567307,cha,3,68689,171
miserables.txt,567307,chap,4,6557,17
miserables.txt,567307,char,4,14807,48
miserables.txt,567307,che,3,23064,63
miserables.txt,567307,chi,3,23744,61
miserables.txt,567307,co,2,438116,1036
miserables.txt,567307,com,3,60101,206
miserables.txt,567307,cou,3,32966,112
miserables.txt,567307,con,3,121684,411
miserables.txt,567307,da,2,62885,164
miserables.txt,567307,dar,3,7640,27
miserables.txt,567307,day,3,3105,9
miserables.txt,567307,do,2,65724,176
miserables.txt,567307,don,3,5785,20
miserables.txt,567307,dou,3,5536,18
miserables.txt,567307,dr,2,52462,147
miserables.txt,567307,dre,3,7599,27
miserables.txt,567307,dra,3,13451,50
miserables.txt,567307,ea,2,15851,44
miserables.txt,567307,ear,3,6208,20
miserables.txt,567307,eat,3,2613,8
miserables.txt,567307,ev,2,22665,54
miserables.txt,567307,eve,3,7744,27
miserables.txt,567307,ever,4,4689,14
miserables.txt,567307,eve,3,7934,27
miserables.txt,567307,fa,2,86201,235
miserables.txt,567307,fal,3,5352,17
miserables.txt,567307,fam,3,4470,14
miserables.txt,567307,fi,2,79316,204
miserables.txt,567307,fin,3,10345,35
miserables.txt,567307,fir,3,11252,39
miserables.txt,567307,fo,2,90815,238
miserables.txt,567307,for,3,33470,114
miserables.txt,567307,forg,4,5329,17
miserables.txt,567307,fr,2,71831,177
miserables.txt,567307,fri,3,11306,36
miserables.txt,567307,fro,3,8509,32
miserables.txt,567307,ga,2,65338,150
miserables.txt,567307,gam,3,4174,15
miserables.txt,567307,gat,3,3307,11
miserables.txt,567307,go,2,47430,108
miserables.txt,567307,gon,3,1911,5
miserables.txt,567307,goo,3,8217,25
miserables.txt,567307,gr,2,106195,266
miserables.txt,567307,gro,3,13279,50
miserables.txt,567307,gre,3,13710,46
miserables.txt,567307,ha,2,111725,265
miserables.txt,567307,had,3,814,2
miserables.txt,567307,hap,3,4479,14
miserables.txt,567307,hat,3,2968,10
miserables.txt,567307,hea,3,25524,67
miserables.txt,567307,hea,3,18289,67
miserables.txt,567307,hel,3,6219,17
miserables.txt,567307,he,2,65071,190
miserables.txt,567307,her,3,13199,47
miserables.txt,567307,hes,3,2904,9
miserables.txt,567307,ho,2,74991,185
miserables.txt,567307,hou,3,8236,28
miserables.txt,567307,how,3,1998,6
miserables.txt,567307,hum,3,9015,24
miserables.txt,567307,ki,2,14088,37
miserables.txt,567307,kin,3,4573,16
miserables.txt,567307,la,2,104792,274
miserables.txt,567307,lad,3,3317,12
miserables.txt,567307,lar,3,5573,20
miserables.txt,567307,lat,3,5618,21
miserables.txt,567307,li,2,76576,215
miserables.txt,567307,lit,3,3592,11
miserables.txt,567307,lit,3,3542,11
miserables.txt,567307,lo,2,79164,196
miserables.txt,567307,lon,3,8433,24
miserables.txt,567307,loo,3,5547,17
miserables.txt,567307,ma,2,203359,482
miserables.txt,567307,man,3,25345,86
miserables.txt,567307,mat,3,12792,41
miserables.txt,567307,mad,3,6301,17
miserables.txt,567307,me,2,89210,219
miserables.txt,567307,men,3,8632,30
miserables.txt,567307,mem,3,3728,11
miserables.txt,567307,mi,2,76421,193
miserables.txt,567307,min,3,7870,28
miserables.txt,567307,mis,3,20715,64
miserables.txt,567307,mo,2,133922,295
miserables.txt,567307,mon,3,32372,96
miserables.txt,567307,mom,3,3693,10
miserables.txt,567307,ne,2,51383,125
miserables.txt,567307,nev,3,1927,5
miserables.txt,567307,new,3,4179,12
miserables.txt,567307,nic,3,5426,14
miserables.txt,567307,no,2,51063,122
miserables.txt,567307,not,3,12112,36
miserables.txt,567307,now,3,2030,6
miserables.txt,567307,of,2,10768,30
miserables.txt,567307,off,3,6595,24
miserables.txt,567307,oft,3,1482,4
miserables.txt,567307,on,2,12722,33
miserables.txt,567307,onc,3,1865,4
miserables.txt,567307,one,3,3775,12
miserables.txt,567307,ou,2,20124,53
miserables.txt,567307,our,3,2616,7
miserables.txt,567307,out,3,12138,40
miserables.txt,567307,ov,2,25623,56
miserables.txt,567307,ove,3,15509,54
miserables.txt,567307,over,4,15281,52
miserables.txt,567307,pa,2,161945,407
miserables.txt,567307,par,3,38261,123
miserables.txt,567307,parl,4,2397,6
miserables.txt,567307,pe,2,122137,305
miserables.txt,567307,per,3,56457,133
miserables.txt,567307,perh,4,1243,2
miserables.txt,567307,pla,3,29264,77
miserables.txt,567307,ple,3,11188,27
miserables.txt,567307,plu,3,10249,29
miserables.txt,567307,po,2,132821,301
miserables.txt,567307,pos,3,14953,52
miserables.txt,567307,pow,3,3635,12
miserables.txt,567307,pr,2,214254,541
miserables.txt,567307,pre,3,45376,155
miserables.txt,567307,pro,3,69696,253
miserables.txt,567307,pret,4,4371,14
miserables.txt,567307,pu,2,41288,115
miserables.txt,567307,pur,3,10664,38
miserables.txt,567307,qu,2,61246,141
miserables.txt,567307,que,3,6121,19
miserables.txt,567307,ques,4,2402,7
miserables.txt,567307,qui,3,12754,52
miserables.txt,567307,ra,2,59207,167
miserables.txt,567307,rab,3,2982,9
miserables.txt,567307,rat,3,4257,16
miserables.txt,567307,ran,3,4798,17
miserables.txt,567307,re,2,342817,786
miserables.txt,567307,rea,3,16545,57
miserables.txt,567307,rem,3,10515,38
miserables.txt,567307,rep,3,22553,83
miserables.txt,567307,res,3,29213,109
miserables.txt,567307,ret,3,12161,45
miserables.txt,567307,ro,2,75081,194
miserables.txt,567307,roo,3,3666,13
miserables.txt,567307,rou,3,10197,38
miserables.txt,567307,sa,2,136009,325
miserables.txt,567307,sat,3,7088,25
miserables.txt,567307,say,3,3447,9
miserables.txt,567307,sai,3,36725,110
miserables.txt,567307,se,2,109403,281
miserables.txt,567307,see,3,5418,19
miserables.txt,567307,ser,3,11578,44
miserables.txt,567307,sec,3,8060,28
miserables.txt,567307,sh,2,82803,220
miserables.txt,567307,she,3,8691,31
miserables.txt,567307,sho,3,19959,75
miserables.txt,567307,sha,3,14381,57
miserables.txt,567307,si,2,82820,199
miserables.txt,567307,sin,3,11014,38
miserables.txt,567307,sit,3,2369,8
miserables.txt,567307,so,2,74449,209
miserables.txt,567307,som,3,5585,17
miserables.txt,567307,sou,3,10644,40
miserables.txt,567307,sp,2,68450,190
miserables.txt,567307,spe,3,13219,49
miserables.txt,567307,spi,3,7926,31
miserables.txt,567307,st,2,150893,408
miserables.txt,567307,sta,3,33760,116
miserables.txt,567307,sto,3,15841,58
miserables.txt,567307,str,3,33271,119
miserables.txt,567307,su,2,128999,324
miserables.txt,567307,sur,3,14450,52
miserables.txt,567307,ta,2,50288,126
miserables.txt,567307,tak,3,1642,5
miserables.txt,567307,tal,3,6698,24
miserables.txt,567307,taw,3,315,0
miserables.txt,567307,te,2,52906,140
miserables.txt,567307,tel,3,2445,7
miserables.txt,567307,ten,3,9381,34
miserables.txt,567307,ter,3,11690,41
miserables.txt,567307,th,2,103831,261
miserables.txt,567307,the,3,20340,71
miserables.txt,567307,thi,3,18746,66
miserables.txt,567307,tho,3,9374,29
miserables.txt,567307,thu,3,6695,20
miserables.txt,567307,to,2,60175,150
miserables.txt,567307,tow,3,3578,13
miserables.txt,567307,tom,3,2282,7
miserables.txt,567307,tr,2,117865,307
miserables.txt,567307,tre,3,14164,55
miserables.txt,567307,tri,3,18425,65
miserables.txt,567307,tu,2,27373,75
miserables.txt,567307,tur,3,7717,28
miserables.txt,567307,un,2,135659,291
miserables.txt,567307,und,3,16122,58
miserables.txt,567307,unt,3,2220,7
miserables.txt,567307,up,2,13414,33
miserables.txt,567307,upo,3,699,1
miserables.txt,567307,ve,2,46468,127
miserables.txt,567307,ver,3,10783,38
miserables.txt,567307,wa,2,68275,201
miserables.txt,567307,wan,3,3740,14
miserables.txt,567307,was,3,6097,21
miserables.txt,567307,wat,3,10936,38
miserables.txt,567307,we,2,41822,108
miserables.txt,567307,wel,3,13292,38
miserables.txt,567307,wer,3,1704,5
miserables.txt,567307,wh,2,33583,97
miserables.txt,567307,whe,3,7170,26
miserables.txt,567307,whi,3,13030,47
miserables.txt,567307,who,3,3402,12
miserables.txt,567307,why,3,523,1
miserables.txt,567307,wil,3,6664,17
miserables.txt,567307,wo,2,35222,99
miserables.txt,567307,won,3,2508,8
miserables.txt,567307,wond,4,1984,6
miserables.txt,567307,yo,2,11149,33
miserables.txt,567307,you,3,6427,26
miserables.txt,567307,your,4,1851,6
miserables.txt,567307,ze,2,2220,5
miserables.txt,567307,zy,2,243,0
